kernel,samples,avg_power,avg_utilization,avg_clock,basic_prediction,basic_mae,basic_rmse,basic_error_pct,dvfs_prediction,dvfs_mae,dvfs_rmse,dvfs_error_pct
Strategy9,261,27.096245210727968,2.9693486590038316,576.4942528735633,27.49583992923722,13.29088098956107,21.04431898025948,42.33112931241041,25.897030651340994,6.013773946360153,11.804926722490558,17.100622562066054
