kernel,samples,avg_power,avg_utilization,avg_clock,basic_prediction,basic_mae,basic_rmse,basic_error_pct,dvfs_prediction,dvfs_mae,dvfs_rmse,dvfs_error_pct
Strategy9,260,26.978076923076923,3.1884615384615387,556.3269230769231,27.87398076689728,12.476071663891277,19.07582136588227,42.231185641733205,-258.2068604530474,286.05458591234,308.4820314977395,1620.1276191813129
