kernel,samples,avg_power,avg_utilization,avg_clock,basic_prediction,basic_mae,basic_rmse,basic_error_pct,dvfs_prediction,dvfs_mae,dvfs_rmse,dvfs_error_pct
All,44,107.0734090909091,81.02272727272727,1839.8863636363637,162.198875388585,71.14391492615026,73.78197739805594,65.17781764053503,96.50852272727273,12.23034090909091,17.642667595529982,15.652909816161188
Strategy9,67,94.4420895522388,68.29850746268657,1828.2089552238806,140.23965898173634,61.60030323623375,68.20765364412874,67.67600515419862,89.8544776119403,12.255074626865673,16.490976388279925,13.984916534534806
