kernel,samples,avg_power,avg_utilization,avg_clock,basic_prediction,basic_mae,basic_rmse,basic_error_pct,dvfs_prediction,dvfs_mae,dvfs_rmse,dvfs_error_pct
Strategy9,263,27.229315589353615,3.0722433460076046,557.8517110266159,27.673413621987155,12.66753271621496,19.235889316714104,41.06002934738057,-259.43249304409375,287.5628121483325,310.1034800960209,1602.9584521607976
