kernel,samples,avg_power,avg_utilization,avg_clock,basic_prediction,basic_mae,basic_rmse,basic_error_pct,dvfs_prediction,dvfs_mae,dvfs_rmse,dvfs_error_pct
Strategy9,261,26.282681992337164,3.153256704980843,554.0229885057471,27.813224935222664,10.833147106896357,16.62889597659706,40.20296896021524,25.4272030651341,5.11432950191571,10.193910623166333,15.20411726740313
