kernel,samples,avg_power,avg_utilization,avg_clock,basic_prediction,basic_mae,basic_rmse,basic_error_pct,dvfs_prediction,dvfs_mae,dvfs_rmse,dvfs_error_pct
Strategy9,258,27.19639534883721,3.058139534883721,571.453488372093,27.64907353314443,11.925564150314006,18.109782674296408,40.73078911575975,25.815406976744185,5.551453488372093,10.344473625710652,16.18823960331845
