kernel,samples,avg_power,avg_utilization,avg_clock,basic_prediction,basic_mae,basic_rmse,basic_error_pct,dvfs_prediction,dvfs_mae,dvfs_rmse,dvfs_error_pct
Strategy9,259,27.91694980694981,3.0077220077220077,575.2702702702703,27.56206392421198,12.456615307177312,18.930127269515246,41.529003737958966,25.88561776061776,6.462683397683398,11.642087097613425,18.46923285328496
