kernel,samples,avg_power,avg_utilization,avg_clock,basic_prediction,basic_mae,basic_rmse,basic_error_pct,dvfs_prediction,dvfs_mae,dvfs_rmse,dvfs_error_pct
All,44,107.99022727272728,81.36363636363636,1809.8863636363637,162.7872098101915,69.15148959545282,72.11680319238175,61.990857844733014,95.92897727272727,12.35534090909091,17.387187468598302,11.16252090494084
Strategy9,68,93.99426470588234,68.91176470588235,1820.735294117647,141.29800666178642,62.603494383129416,69.59424983861702,69.6205242449634,89.97426470588235,12.924999999999999,17.322127212801277,14.883797569724152
